Date,Open,High,Low,Close,Volume,MA_1D,MA_1W,upper_band,middle_band,lower_band,CCI,SMA_Decision,BB_Decision,CCI_Decision
2023-01-02 00:00:00+00:00,87.15769958496094,88.4000015258789,87.15769958496094,88.48200225830078,0,,,,,,,NEUTRAL,NEUTRAL,NEUTRAL
2023-01-03 00:00:00+00:00,88.29199981689453,88.31300354003906,87.22599792480469,88.30000305175781,0,88.3910026550293,,,,,,BUY,NEUTRAL,NEUTRAL
2023-01-04 00:00:00+00:00,87.21900177001953,87.9229965209961,87.21900177001953,87.21900177001953,0,87.75950241088867,,,,,,BUY,NEUTRAL,NEUTRAL
2023-01-05 00:00:00+00:00,87.58000183105469,87.80799865722656,86.75700378417969,87.6050033569336,0,87.41200256347656,,,,,,SELL,NEUTRAL,NEUTRAL
2023-01-06 00:00:00+00:00,86.81900024414062,87.61499786376953,86.64700317382812,86.8270034790039,0,87.21600341796875,87.68660278320313,88.94299137026513,87.68660278320313,86.43021419614112,-108.28262909526887,BUY,NEUTRAL,BUY
2023-01-09 00:00:00+00:00,85.69190216064453,88.28500366210938,85.69190216064453,87.5009994506836,0,87.16400146484375,87.49040222167969,88.46300916077617,87.49040222167969,86.51779528258321,-64.78418508142894,SELL,NEUTRAL,NEUTRAL
2023-01-10 00:00:00+00:00,88.10700225830078,88.24700164794922,87.44599914550781,88.1240005493164,0,87.8125,87.4552017211914,88.31415610089941,87.4552017211914,86.59624734148339,150.2931141678662,SELL,NEUTRAL,SELL
2023-01-11 00:00:00+00:00,87.5739974975586,87.93599700927734,87.41200256347656,87.58200073242188,0,87.85300064086914,87.52780151367188,88.35541843278139,87.52780151367188,86.70018459456236,49.00828447090075,BUY,NEUTRAL,NEUTRAL
2023-01-12 00:00:00+00:00,87.78099822998047,88.14399719238281,87.37799835205078,87.80500030517578,0,87.69350051879883,87.56780090332032,88.42526996773698,87.56780090332032,86.71033183890366,53.4799111812869,SELL,NEUTRAL,NEUTRAL
2023-01-13 00:00:00+00:00,88.00299835205078,88.30400085449219,87.72699737548828,88.01100158691406,0,87.90800094604492,87.80460052490234,88.28321704254363,87.80460052490234,87.32598400726106,84.09773690951052,SELL,NEUTRAL,NEUTRAL
2023-01-16 00:00:00+00:00,86.9448013305664,88.34400177001953,86.9448013305664,87.9520034790039,0,87.98150253295898,87.89480133056641,88.26919716985319,87.89480133056641,87.52040549127963,-41.936653161096494,BUY,NEUTRAL,NEUTRAL
2023-01-17 00:00:00+00:00,88.35299682617188,88.61599731445312,87.94599914550781,88.35299682617188,0,88.15250015258789,87.9406005859375,88.4482526533593,87.9406005859375,87.4329485185157,129.52127135684762,SELL,NEUTRAL,SELL
2023-01-18 00:00:00+00:00,87.98400115966797,88.27300262451172,87.81199645996094,88.00399780273438,0,88.17849731445312,88.025,88.38494146594297,88.025,87.66505853405704,21.684343190069647,BUY,NEUTRAL,NEUTRAL
2023-01-19 00:00:00+00:00,87.86000061035156,88.06300354003906,87.58300018310547,87.86399841308594,0,87.93399810791016,88.03679962158203,88.36999363539663,88.03679962158203,87.70360560776744,-64.12556190516356,BUY,NEUTRAL,NEUTRAL
2023-01-20 00:00:00+00:00,87.93299865722656,88.02999877929688,87.60099792480469,87.93699645996094,0,87.90049743652344,88.02199859619141,88.36489519199384,88.02199859619141,87.67910200038898,-38.77055004522106,SELL,NEUTRAL,NEUTRAL
2023-01-23 00:00:00+00:00,86.85130310058594,88.8010025024414,86.85130310058594,87.86199951171875,0,87.89949798583984,88.00399780273438,88.36847314296595,88.00399780273438,87.6395224625028,-57.909632257795366,BUY,NEUTRAL,NEUTRAL
2023-01-24 00:00:00+00:00,88.52200317382812,88.76200103759766,88.41799926757812,88.54100036621094,0,88.20149993896484,88.04159851074219,88.5519358193153,88.04159851074219,87.53126120216908,165.80383194231328,SELL,NEUTRAL,SELL
2023-01-25 00:00:00+00:00,88.79299926757812,89.08000183105469,88.49099731445312,88.76799774169922,0,88.65449905395508,88.19439849853515,88.96124036426946,88.19439849853515,87.42755663280084,100.50517024883678,SELL,NEUTRAL,SELL
2023-01-26 00:00:00+00:00,88.93800354003906,88.99299621582031,88.36499786376953,88.95500183105469,0,88.86149978637695,88.4125991821289,89.29185049099328,88.4125991821289,87.53334787326452,65.69941607921075,SELL,NEUTRAL,NEUTRAL
2023-01-27 00:00:00+00:00,88.66300201416016,88.76000213623047,88.3239974975586,88.64199829101562,0,88.79850006103516,88.55359954833985,89.29838089377536,88.55359954833985,87.80881820290433,16.8743993101325,BUY,NEUTRAL,NEUTRAL
2023-01-30 00:00:00+00:00,87.68119812011719,88.86599731445312,87.68119812011719,88.51899719238281,0,88.58049774169922,88.68499908447265,89.0074045280353,88.68499908447265,88.36259364091,-129.63269631179372,BUY,NEUTRAL,BUY
2023-01-31 00:00:00+00:00,88.37200164794922,88.75499725341797,88.37200164794922,88.375,0,88.4469985961914,88.65179901123047,89.051583117706,88.65179901123047,88.25201490475493,-44.59435257596358,BUY,NEUTRAL,NEUTRAL
2023-02-01 00:00:00+00:00,88.72100067138672,89.23300170898438,88.6500015258789,88.73600006103516,0,88.55550003051758,88.64539947509766,89.03850716135238,88.64539947509766,88.25229178884294,103.87310600240743,SELL,NEUTRAL,SELL
2023-02-02 00:00:00+00:00,89.95999908447266,90.36100006103516,89.38600158691406,89.9469985961914,0,89.34149932861328,88.843798828125,89.97328090520334,88.843798828125,87.71431675104667,161.69414231343103,SELL,NEUTRAL,SELL
2023-02-03 00:00:00+00:00,89.38300323486328,89.62699890136719,88.7979965209961,89.39099884033203,0,89.66899871826172,88.99359893798828,90.17382475877515,88.99359893798828,87.81337311720141,40.23353181857086,BUY,NEUTRAL,NEUTRAL
2023-02-06 00:00:00+00:00,88.43199920654297,89.0999984741211,88.43199920654297,88.69000244140625,0,89.04050064086914,89.02779998779297,90.15996311802672,89.02779998779297,87.89563685755923,-49.89273055707275,BUY,NEUTRAL,NEUTRAL
2023-02-07 00:00:00+00:00,88.68599700927734,88.79000091552734,88.33200073242188,88.7040023803711,0,88.69700241088867,89.09360046386719,90.09730968274671,89.09360046386719,88.08989124498767,-77.29003641324661,SELL,NEUTRAL,NEUTRAL
2023-02-08 00:00:00+00:00,88.84400177001953,88.87300109863281,88.4280014038086,88.83100128173828,0,88.76750183105469,89.11260070800782,90.09181079008032,89.11260070800782,88.13339062593532,-51.84491427726576,SELL,NEUTRAL,NEUTRAL
2023-02-09 00:00:00+00:00,88.48999786376953,88.93099975585938,88.45700073242188,88.49800109863281,0,88.66450119018555,88.82280120849609,89.42953645586532,88.82280120849609,88.21606596112686,-56.77519011742757,BUY,NEUTRAL,NEUTRAL
2023-02-10 00:00:00+00:00,88.55400085449219,88.58000183105469,87.93099975585938,88.56300354003906,0,88.53050231933594,88.6572021484375,88.88990902284408,88.6572021484375,88.42449527403093,-166.22598984088694,SELL,NEUTRAL,BUY
2023-02-13 00:00:00+00:00,87.2781982421875,88.54100036621094,87.2781982421875,88.0260009765625,0,88.29450225830078,88.52440185546875,89.07347386010142,88.52440185546875,87.97532985083609,-140.66582032350985,BUY,NEUTRAL,BUY
2023-02-14 00:00:00+00:00,88.56300354003906,89.29900360107422,88.52200317382812,88.5469970703125,0,88.2864990234375,88.49300079345703,89.01467053155055,88.49300079345703,87.9713310553635,75.47137708541469,SELL,NEUTRAL,NEUTRAL
2023-02-15 00:00:00+00:00,88.92900085449219,88.99600219726562,88.27400207519531,88.92900085449219,0,88.73799896240234,88.51260070800781,89.08817352491036,88.51260070800781,87.93702789110526,59.49719284423619,SELL,NEUTRAL,NEUTRAL
2023-02-16 00:00:00+00:00,88.4209976196289,88.55000305175781,88.15699768066406,88.40399932861328,0,88.66650009155273,88.49380035400391,89.0761534626245,88.49380035400391,87.91144724538331,-18.017750659809828,BUY,NEUTRAL,NEUTRAL
2023-02-17 00:00:00+00:00,88.11100006103516,88.30400085449219,87.82499694824219,88.13200378417969,0,88.26800155639648,88.40760040283203,89.04814669965845,88.40760040283203,87.76705410600562,-66.26063689430849,BUY,NEUTRAL,NEUTRAL
2023-02-20 00:00:00+00:00,86.98660278320312,88.41500091552734,86.98560333251953,88.43299865722656,0,88.28250122070312,88.48899993896484,89.00651088552546,88.48899993896484,87.97148899240422,-97.50082050540581,SELL,NEUTRAL,NEUTRAL
2023-02-21 00:00:00+00:00,88.2509994506836,88.45999908447266,88.052001953125,88.25700378417969,0,88.34500122070312,88.43100128173828,88.973890811681,88.43100128173828,87.88811175179555,-6.676389277722971,BUY,NEUTRAL,NEUTRAL
2023-02-22 00:00:00+00:00,88.1760025024414,88.2760009765625,87.86199951171875,88.18499755859375,0,88.22100067138672,88.28220062255859,88.51921096600356,88.28220062255859,88.04519027911363,-23.67826020680626,BUY,NEUTRAL,NEUTRAL
2023-02-23 00:00:00+00:00,87.79100036621094,87.88600158691406,87.32499694824219,87.7750015258789,0,87.97999954223633,88.15640106201172,88.58861002103531,88.15640106201172,87.72419210298814,-139.86551592327456,BUY,NEUTRAL,BUY
2023-02-24 00:00:00+00:00,87.47799682617188,87.65499877929688,87.2509994506836,87.48600006103516,0,87.63050079345703,88.0272003173828,88.7193759270182,88.0272003173828,87.33502470774741,-108.80366608958894,BUY,NEUTRAL,BUY
2023-02-27 00:00:00+00:00,86.54920196533203,87.66500091552734,86.54920196533203,87.37000274658203,0,87.4280014038086,87.81460113525391,88.5302145149203,87.81460113525391,87.09898775558752,-101.5256388351916,BUY,NEUTRAL,BUY
2023-02-28 00:00:00+00:00,87.61399841308594,87.8239974975586,87.43299865722656,87.60600280761719,0,87.48800277709961,87.68440093994141,88.25231701871387,87.68440093994141,87.11648486116896,3.3033520365133757,SELL,NEUTRAL,NEUTRAL
2023-03-01 00:00:00+00:00,87.32499694824219,88.05500030517578,87.2030029296875,87.34100341796875,0,87.47350311279297,87.5156021118164,87.8356277386396,87.5156021118164,87.19557648499321,19.152330384932085,BUY,NEUTRAL,NEUTRAL
2023-03-02 00:00:00+00:00,87.83699798583984,88.0,87.24099731445312,87.85399627685547,0,87.59749984741211,87.53140106201172,87.90449088824798,87.53140106201172,87.15831123577547,94.55305282992629,SELL,NEUTRAL,NEUTRAL
2023-03-03 00:00:00+00:00,87.21600341796875,87.35299682617188,86.53800201416016,87.21600341796875,0,87.53499984741211,87.47740173339844,87.93068293405132,87.47740173339844,87.02412053274556,-105.32741460889716,BUY,NEUTRAL,BUY
2023-03-06 00:00:00+00:00,85.97209930419922,87.39299774169922,85.97209930419922,86.81600189208984,0,87.0160026550293,87.3666015625,88.0716471649682,87.3666015625,86.66155596003179,-112.45046057652351,BUY,NEUTRAL,BUY
2023-03-07 00:00:00+00:00,87.33899688720703,87.43599700927734,86.47699737548828,87.3479995727539,0,87.08200073242188,87.31500091552735,87.97897776509772,87.31500091552735,86.65102406595697,-26.954776787018485,SELL,NEUTRAL,NEUTRAL
2023-03-08 00:00:00+00:00,86.447998046875,86.61599731445312,86.17900085449219,86.44000244140625,0,86.89400100708008,87.13480072021484,88.09549514346968,87.13480072021484,86.17410629696,-114.42795051701061,BUY,NEUTRAL,BUY
2023-03-09 00:00:00+00:00,86.38300323486328,86.7750015258789,86.22000122070312,86.38300323486328,0,86.41150283813477,86.84060211181641,87.62487773834337,86.84060211181641,86.05632648528945,-74.82436054087985,BUY,NEUTRAL,NEUTRAL
2023-03-10 00:00:00+00:00,86.75199890136719,87.53500366210938,86.71800231933594,86.73500061035156,0,86.55900192260742,86.74440155029296,87.43306002543085,86.74440155029296,86.05574307515508,70.91414603778702,SELL,NEUTRAL,NEUTRAL
2023-03-13 00:00:00+00:00,85.84860229492188,88.16100311279297,85.84860229492188,87.1259994506836,0,86.93050003051758,86.80640106201172,87.56222314191926,86.80640106201172,86.05057898210417,56.11997507635114,SELL,NEUTRAL,NEUTRAL
2023-03-14 00:00:00+00:00,88.12999725341797,88.48600006103516,87.91000366210938,88.13800048828125,0,87.63199996948242,86.96440124511719,88.25097547662997,86.96440124511719,85.6778270136044,162.85349773398008,SELL,NEUTRAL,SELL
2023-03-15 00:00:00+00:00,88.16000366210938,88.53900146484375,87.06400299072266,88.16899871826172,0,88.15349960327148,87.31020050048828,88.76547144663918,87.31020050048828,85.85492955433737,68.8453792366355,SELL,NEUTRAL,NEUTRAL
2023-03-16 00:00:00+00:00,87.62000274658203,87.83200073242188,87.35900115966797,87.66500091552734,0,87.91699981689453,87.5666000366211,88.69256695011909,87.5666000366211,86.4406331231231,10.388649983231426,BUY,NEUTRAL,NEUTRAL
2023-03-17 00:00:00+00:00,87.61599731445312,87.9749984741211,87.59300231933594,87.61599731445312,0,87.64049911499023,87.7427993774414,88.5124243820418,87.7427993774414,86.973174372841,6.638950357444479,BUY,NEUTRAL,NEUTRAL
2023-03-20 00:00:00+00:00,86.78700256347656,88.48500061035156,86.78700256347656,87.94200134277344,0,87.77899932861328,87.90599975585937,88.36771028456782,87.90599975585937,87.44428922715092,-38.741227501159614,SELL,NEUTRAL,NEUTRAL
2023-03-21 00:00:00+00:00,88.36799621582031,89.08300018310547,88.33499908447266,88.36799621582031,0,88.15499877929688,87.95199890136719,88.5285455500421,87.95199890136719,87.37545225269228,165.87953554135157,SELL,NEUTRAL,SELL
2023-03-22 00:00:00+00:00,88.98799896240234,89.15699768066406,88.88300323486328,88.99600219726562,0,88.68199920654297,88.11739959716797,89.14563091669984,88.11739959716797,87.0891682776361,109.42998157827174,SELL,NEUTRAL,SELL
2023-03-23 00:00:00+00:00,89.61599731445312,89.74500274658203,89.27999877929688,89.625,0,89.31050109863281,88.5093994140625,89.95755677659713,88.5093994140625,87.06124205152787,107.9298934979004,SELL,NEUTRAL,SELL
2023-03-24 00:00:00+00:00,89.03800201416016,89.05599975585938,88.30899810791016,89.0459976196289,0,89.33549880981445,88.79539947509765,89.96235785701263,88.79539947509765,87.62844109318267,9.28596488425634,BUY,NEUTRAL,NEUTRAL
2023-03-27 00:00:00+01:00,88.52999877929688,88.77100372314453,88.4729995727539,88.5260009765625,0,88.7859992980957,88.91219940185547,89.79687601879309,88.91219940185547,88.02752278491786,-71.96105112223114,BUY,NEUTRAL,NEUTRAL
2023-03-28 00:00:00+01:00,88.74500274658203,89.02999877929688,88.69000244140625,88.75399780273438,0,88.63999938964844,88.98939971923828,89.72554486196942,88.98939971923828,88.25325457650713,-33.699305727303376,SELL,NEUTRAL,NEUTRAL
2023-03-29 00:00:00+01:00,89.01899719238281,89.36000061035156,88.90799713134766,88.98200225830078,0,88.86800003051758,88.98659973144531,89.72272962162185,88.98659973144531,88.25046984126877,27.189582126324858,SELL,NEUTRAL,NEUTRAL
2023-03-30 00:00:00+01:00,89.03900146484375,89.59600067138672,88.90699768066406,89.05500030517578,0,89.01850128173828,88.87259979248047,89.28199234168672,88.87259979248047,88.46320724327423,101.37280514546352,SELL,NEUTRAL,SELL
2023-03-31 00:00:00+01:00,89.45800018310547,89.60900115966797,89.12300109863281,89.44200134277344,0,89.24850082397461,88.95180053710938,89.56648117187854,88.95180053710938,88.33711990234022,101.89225402240187,SELL,NEUTRAL,SELL
2023-04-03 00:00:00+01:00,88.87100219726562,89.66600036621094,88.85700225830078,89.0260009765625,0,89.23400115966797,89.05180053710937,89.49586430992645,89.05180053710937,88.6077367642923,22.882223606237204,BUY,NEUTRAL,NEUTRAL
2023-04-04 00:00:00+01:00,89.59700012207031,90.01100158691406,89.39299774169922,89.59700012207031,0,89.3115005493164,89.22040100097657,89.72073395384902,89.22040100097657,88.72006804810411,133.92522429276752,SELL,NEUTRAL,SELL
2023-04-05 00:00:00+01:00,89.88800048828125,89.99099731445312,89.29299926757812,89.89600372314453,0,89.74650192260742,89.40320129394532,90.06377175759421,89.40320129394532,88.74263083029642,92.67850382951862,SELL,NEUTRAL,NEUTRAL
2023-04-06 00:00:00+01:00,89.27799987792969,89.38200378417969,89.08499908447266,89.27799987792969,0,89.58700180053711,89.44780120849609,90.03426680913574,89.44780120849609,88.86133560785643,-64.06388636480882,BUY,NEUTRAL,NEUTRAL
2023-04-07 00:00:00+01:00,89.30500030517578,89.31500244140625,88.29000091552734,89.30500030517578,0,89.29150009155273,89.42040100097657,90.0180845149509,89.42040100097657,88.82271748700224,-95.95466868210632,SELL,NEUTRAL,NEUTRAL
2023-04-10 00:00:00+01:00,89.30599975585938,89.30599975585938,88.28900146484375,89.30599975585938,0,89.30550003051758,89.47640075683594,89.95672429857912,89.47640075683594,88.99607721509277,-76.28392607888918,SELL,NEUTRAL,NEUTRAL
2023-04-11 00:00:00+01:00,88.31700134277344,89.62899780273438,88.31700134277344,88.31700134277344,0,88.8115005493164,89.22040100097657,90.23642139461975,89.22040100097657,88.20438060733338,-89.14410346169102,BUY,NEUTRAL,NEUTRAL
2023-04-12 00:00:00+01:00,89.50800323486328,90.10099792480469,89.4990005493164,89.51599884033203,0,88.91650009155273,89.14440002441407,89.98935214263528,89.14440002441407,88.29944790619285,138.07682043671127,SELL,NEUTRAL,SELL
2023-04-13 00:00:00+01:00,90.04299926757812,90.29299926757812,89.9260025024414,90.05999755859375,0,89.78799819946289,89.30079956054688,90.42884067746915,89.30079956054688,88.1727584436246,110.19948172903847,SELL,NEUTRAL,SELL
2023-04-14 00:00:00+01:00,90.16300201416016,90.38700103759766,89.8219985961914,90.18699645996094,0,90.12349700927734,89.47719879150391,90.80996728053701,89.47719879150391,88.14443030247081,74.8713685655482,SELL,NEUTRAL,NEUTRAL
2023-04-17 00:00:00+01:00,89.95800018310547,90.02400207519531,89.39299774169922,89.90799713134766,0,90.0474967956543,89.59759826660157,90.95528386746443,89.59759826660157,88.2399126657387,14.765780891596817,BUY,NEUTRAL,NEUTRAL
2023-04-18 00:00:00+01:00,89.51799774169922,90.01100158691406,89.46299743652344,89.51100158691406,0,89.70949935913086,89.83639831542969,90.39251407712052,89.83639831542969,89.28028255373886,-73.79499010294695,BUY,NEUTRAL,NEUTRAL
2023-04-19 00:00:00+01:00,90.0469970703125,90.1050033569336,89.72799682617188,90.02999877929688,0,89.77050018310547,89.93919830322265,90.40272138055693,89.93919830322265,89.47567522588838,12.66414918831888,SELL,NEUTRAL,NEUTRAL
2023-04-20 00:00:00+01:00,90.0999984741211,90.14199829101562,89.78399658203125,90.0979995727539,0,90.06399917602539,89.9467987060547,90.41915755820735,89.9467987060547,89.47443985390204,45.155810049815045,SELL,NEUTRAL,NEUTRAL
2023-04-21 00:00:00+01:00,90.01100158691406,90.13200378417969,89.7750015258789,90.01100158691406,0,90.05450057983398,89.9115997314453,90.33029849320911,89.9115997314453,89.4929009696815,52.529705138527746,BUY,NEUTRAL,NEUTRAL
2023-04-24 00:00:00+01:00,89.06890106201172,90.33300018310547,89.06890106201172,90.08999633789062,0,90.05049896240234,89.9479995727539,90.39010674944629,89.9479995727539,89.50589239606151,-32.79693556533449,SELL,NEUTRAL,NEUTRAL
2023-04-25 00:00:00+01:00,90.5199966430664,90.61699676513672,89.89099884033203,90.5199966430664,0,90.30499649047852,90.14979858398438,90.5260141059854,90.14979858398438,89.77358306198336,166.666666666663,SELL,NEUTRAL,SELL
2023-04-26 00:00:00+01:00,89.93699645996094,90.61900329589844,89.86100006103516,89.93699645996094,0,90.22849655151367,90.13119812011719,90.537277435769,90.13119812011719,89.72511880446538,36.7681467237196,BUY,NEUTRAL,NEUTRAL
2023-04-27 00:00:00+01:00,90.22000122070312,90.3280029296875,89.88899993896484,90.22799682617188,0,90.0824966430664,90.15719757080078,90.56806348764053,90.15719757080078,89.74633165396102,27.779496026267733,SELL,NEUTRAL,NEUTRAL
2023-04-28 00:00:00+01:00,90.1259994506836,90.24600219726562,89.58100128173828,90.11900329589844,0,90.17350006103516,90.17879791259766,90.56740173668578,90.17879791259766,89.79019408850954,-48.71884341160481,BUY,NEUTRAL,NEUTRAL
2023-05-01 00:00:00+01:00,88.85299682617188,88.85299682617188,88.85299682617188,89.97699737548828,0,90.04800033569336,90.15619812011718,90.57481503247023,90.15619812011718,89.73758120776414,-166.66666666666828,BUY,NEUTRAL,BUY
2023-05-02 00:00:00+01:00,88.85299682617188,90.01899719238281,88.85299682617188,88.85299682617188,0,89.41499710083008,89.82279815673829,90.81446613281146,89.82279815673829,88.83113018066511,-82.19638897384188,BUY,NEUTRAL,NEUTRAL
2023-05-03 00:00:00+01:00,89.96499633789062,90.33599853515625,89.91600036621094,89.9489974975586,0,89.40099716186523,89.82519836425782,90.81801775756122,89.82519836425782,88.83237897095441,55.75954924194978,SELL,NEUTRAL,NEUTRAL
2023-05-04 00:00:00+01:00,90.44200134277344,90.58499908447266,89.77400207519531,90.4540023803711,0,90.20149993896484,89.87039947509766,90.94930452089258,89.87039947509766,88.79149442930273,81.72990848103797,SELL,NEUTRAL,NEUTRAL
2023-05-05 00:00:00+01:00,89.98699951171875,90.18900299072266,89.64299774169922,89.99600219726562,0,90.22500228881836,89.84579925537109,90.90636191824483,89.84579925537109,88.78523659249736,31.15587180627312,BUY,NEUTRAL,NEUTRAL
2023-05-08 00:00:00+01:00,89.0479965209961,90.3030014038086,89.0479965209961,89.97200012207031,0,89.98400115966797,89.8447998046875,90.90487533779944,89.8447998046875,88.78472427157556,-20.16123973099781,BUY,NEUTRAL,NEUTRAL
2023-05-09 00:00:00+01:00,89.85600280761719,90.14800262451172,89.78800201416016,89.84500122070312,0,89.90850067138672,90.04320068359375,90.4667216568611,90.04320068359375,89.61967971032641,-33.50651034567961,BUY,NEUTRAL,NEUTRAL
2023-05-10 00:00:00+01:00,89.95600128173828,90.06099700927734,89.6760025024414,89.94000244140625,0,89.89250183105469,90.04140167236328,90.46658113868534,90.04140167236328,89.61622220604121,-37.22454461402406,SELL,NEUTRAL,NEUTRAL
2023-05-11 00:00:00+01:00,89.9010009765625,90.00700378417969,89.44999694824219,89.90399932861328,0,89.92200088500977,89.93140106201172,90.03765118824762,89.93140106201172,89.82515093577581,-77.04999924313897,BUY,NEUTRAL,NEUTRAL
2023-05-12 00:00:00+01:00,89.52400207519531,89.75199890136719,89.14900207519531,89.51300048828125,0,89.70849990844727,89.83480072021484,90.16747349024345,89.83480072021484,89.50212795018624,-166.66666666667064,BUY,NEUTRAL,BUY
2023-05-15 00:00:00+01:00,88.63099670410156,89.5199966430664,88.63099670410156,89.0979995727539,0,89.30550003051758,89.66000061035156,90.29850876402926,89.66000061035156,89.02149245667385,-128.9168380152658,BUY,NEUTRAL,BUY
2023-05-16 00:00:00+01:00,89.38500213623047,89.56400299072266,89.26000213623047,89.36799621582031,0,89.23299789428711,89.564599609375,90.20656559822666,89.564599609375,88.92263362052333,-34.2582594179401,SELL,NEUTRAL,NEUTRAL
2023-05-17 00:00:00+01:00,89.34600067138672,89.43399810791016,89.02300262451172,89.33000183105469,0,89.3489990234375,89.44259948730469,89.97539520493929,89.44259948730469,88.90980376967009,-50.17669349001335,BUY,NEUTRAL,NEUTRAL
2023-05-18 00:00:00+01:00,89.23600006103516,89.34500122070312,88.99600219726562,89.27899932861328,0,89.30450057983398,89.31759948730469,89.58680467934582,89.31759948730469,89.04839429526356,-42.979147054239995,BUY,NEUTRAL,NEUTRAL
2023-05-19 00:00:00+01:00,89.06500244140625,89.62899780273438,88.94000244140625,89.05599975585938,0,89.16749954223633,89.22619934082032,89.47771034050052,89.22619934082032,88.97468834114011,-19.667523857326486,BUY,NEUTRAL,NEUTRAL
2023-05-22 00:00:00+01:00,88.23419952392578,89.64600372314453,88.23419952392578,89.49800109863281,0,89.2770004272461,89.30619964599609,89.5953542753317,89.30619964599609,89.01704501666048,-105.99809449274196,SELL,NEUTRAL,BUY
2023-05-23 00:00:00+01:00,89.46600341796875,89.54499816894531,89.09400177001953,89.4469985961914,0,89.47249984741211,89.3220001220703,89.63089525339963,89.3220001220703,89.01310499074098,135.84206915773254,BUY,NEUTRAL,SELL
2023-05-24 00:00:00+01:00,89.13300323486328,89.2229995727539,88.81800079345703,89.125,0,89.2859992980957,89.28099975585937,89.62695943362401,89.28099975585937,88.93504007809473,-112.52018965685608,BUY,NEUTRAL,BUY
2023-05-25 00:00:00+01:00,88.8290023803711,88.8290023803711,88.58100128173828,88.83799743652344,0,88.98149871826172,89.1927993774414,89.68834807757952,89.1927993774414,88.69725067730329,-147.7662567772248,BUY,NEUTRAL,BUY
2023-05-26 00:00:00+01:00,88.6510009765625,88.81099700927734,88.32599639892578,88.6510009765625,0,88.74449920654297,89.11179962158204,89.77451356363343,89.11179962158204,88.44908567953064,-104.27527690574559,BUY,NEUTRAL,BUY
2023-05-29 00:00:00+01:00,87.76010131835938,88.64800262451172,87.76010131835938,87.76010131835938,0,88.20555114746094,88.76421966552735,89.90364576810343,88.76421966552735,87.62479356295127,-132.54788807747929,BUY,NEUTRAL,BUY
2023-05-30 00:00:00+01:00,88.3740005493164,88.74500274658203,88.2509994506836,88.3740005493164,0,88.06705093383789,88.54962005615235,89.4785694553413,88.54962005615235,87.6206706569634,-32.18100472393033,SELL,NEUTRAL,NEUTRAL
2023-05-31 00:00:00+01:00,88.65699768066406,88.67400360107422,88.00399780273438,88.66600036621094,0,88.52000045776367,88.45782012939453,89.21625530623976,88.45782012939453,87.69938495254931,-5.2072809726739555,SELL,NEUTRAL,NEUTRAL
2023-06-01 00:00:00+01:00,88.31600189208984,88.43900299072266,87.88500213623047,88.322998046875,0,88.49449920654297,88.35482025146484,89.01186042171668,88.35482025146484,87.69778008121301,-52.91433375328696,BUY,NEUTRAL,NEUTRAL
2023-06-02 00:00:00+01:00,88.46600341796875,88.63099670410156,88.1969985961914,88.44999694824219,0,88.3864974975586,88.31461944580079,88.9165379050389,88.31461944580079,87.71270098656268,47.63003524238761,SELL,NEUTRAL,NEUTRAL
2023-06-05 00:00:00+01:00,87.58679962158203,88.4260025024414,87.58679962158203,88.13500213623047,0,88.29249954223633,88.389599609375,88.73548304529808,88.389599609375,88.04371617345191,-120.47895374825345,BUY,NEUTRAL,BUY
2023-06-06 00:00:00+01:00,88.30599975585938,88.60399627685547,88.03299713134766,88.2979965209961,0,88.21649932861328,88.37439880371093,88.7282763664024,88.37439880371093,88.02052124101947,11.38792504084803,SELL,NEUTRAL,NEUTRAL
2023-06-07 00:00:00+01:00,88.20700073242188,88.5199966430664,87.98400115966797,88.19000244140625,0,88.24399948120117,88.27919921875,88.49863924065404,88.27919921875,88.05975919684595,-10.551200463433386,BUY,NEUTRAL,NEUTRAL
2023-06-08 00:00:00+01:00,88.38700103759766,88.88800048828125,88.2699966430664,88.37899780273438,0,88.28450012207031,88.29039916992187,88.52296164239678,88.29039916992187,88.05783669744696,103.63412538105385,SELL,NEUTRAL,SELL
2023-06-09 00:00:00+01:00,88.88800048828125,88.91200256347656,88.51599884033203,88.9000015258789,0,88.63949966430664,88.38040008544922,88.92684268046689,88.38040008544922,87.83395749043156,124.31953862243586,SELL,NEUTRAL,SELL
2023-06-12 00:00:00+01:00,87.73269653320312,88.86399841308594,87.73269653320312,88.54000091552734,0,88.72000122070312,88.46139984130859,88.95592737850203,88.46139984130859,87.96687230411516,-26.03517239557286,BUY,NEUTRAL,NEUTRAL
2023-06-13 00:00:00+01:00,88.61900329589844,88.97799682617188,88.5989990234375,88.62300109863281,0,88.58150100708008,88.52640075683594,89.00304366928279,88.52640075683594,88.04975784438909,75.54550970558034,SELL,NEUTRAL,NEUTRAL
2023-06-14 00:00:00+01:00,88.64900207519531,88.9219970703125,88.49800109863281,88.65299987792969,0,88.63800048828125,88.61900024414062,88.95838294031499,88.61900024414062,88.27961754796625,35.074233441419246,SELL,NEUTRAL,NEUTRAL
2023-06-15 00:00:00+01:00,88.87300109863281,89.56500244140625,88.69400024414062,88.88099670410156,0,88.76699829101562,88.71940002441406,89.00869732731776,88.71940002441406,88.43010272151035,140.8321379505177,SELL,NEUTRAL,SELL
2023-06-16 00:00:00+01:00,89.5780029296875,89.7699966430664,89.38500213623047,89.58699798583984,0,89.2339973449707,88.85679931640625,89.62117234312599,88.85679931640625,88.09242628968651,135.37351195875573,SELL,NEUTRAL,SELL
2023-06-19 00:00:00+01:00,88.61060333251953,89.61699676513672,88.61060333251953,89.55899810791016,0,89.572998046875,89.06059875488282,89.91634802439546,89.06059875488282,88.20484948537018,46.33609585045886,BUY,NEUTRAL,NEUTRAL
2023-06-20 00:00:00+01:00,89.39600372314453,89.7699966430664,89.30500030517578,89.40399932861328,0,89.48149871826172,89.2167984008789,89.97565233337698,89.2167984008789,88.45794446838082,67.05082542418253,BUY,NEUTRAL,NEUTRAL
2023-06-21 00:00:00+01:00,89.4469985961914,89.80799865722656,89.38999938964844,89.45500183105469,0,89.42950057983398,89.3771987915039,89.89105074426159,89.3771987915039,88.86334683874621,58.94423550322068,SELL,NEUTRAL,NEUTRAL
2023-06-22 00:00:00+01:00,89.96399688720703,90.16999816894531,89.65499877929688,89.98899841308594,0,89.72200012207031,89.59879913330079,90.01121008823114,89.59879913330079,89.18638817837044,159.9380920541606,SELL,NEUTRAL,SELL
2023-06-23 00:00:00+01:00,89.7030029296875,89.72699737548828,88.8949966430664,89.7229995727539,0,89.85599899291992,89.6259994506836,90.04949980764907,89.6259994506836,89.20249909371812,-36.479423868314676,BUY,NEUTRAL,NEUTRAL
2023-06-26 00:00:00+01:00,88.09159851074219,89.50299835205078,88.0905990600586,89.2249984741211,0,89.4739990234375,89.55919952392578,90.0945066452196,89.55919952392578,89.02389240263197,-159.03655888980344,BUY,NEUTRAL,BUY
2023-06-27 00:00:00+01:00,89.36900329589844,89.89700317382812,89.33799743652344,89.38099670410156,0,89.30299758911133,89.55459899902344,90.09552817209769,89.55459899902344,89.0136698259492,16.011214709985495,SELL,NEUTRAL,NEUTRAL
2023-06-28 00:00:00+01:00,89.7750015258789,89.85299682617188,89.3479995727539,89.77899932861328,0,89.57999801635742,89.61939849853516,90.17451758429539,89.61939849853516,89.06427941277494,41.561239059927004,SELL,NEUTRAL,NEUTRAL
2023-06-29 00:00:00+01:00,89.46399688720703,89.65699768066406,89.0999984741211,89.4800033569336,0,89.62950134277344,89.5175994873047,89.93349198730617,89.5175994873047,89.10170698730322,4.548724732531402,BUY,NEUTRAL,NEUTRAL
2023-06-30 00:00:00+01:00,89.12699890136719,89.58699798583984,88.84300231933594,89.10299682617188,0,89.29150009155273,89.39359893798829,89.85752453961679,89.39359893798829,88.92967333635978,-48.76591228045664,BUY,NEUTRAL,NEUTRAL
2023-07-03 00:00:00+01:00,88.01300048828125,89.47799682617188,88.01200103759766,88.01300048828125,0,88.55799865722656,89.15119934082031,90.36869573726473,89.15119934082031,87.9337029443759,-150.6874434741486,BUY,NEUTRAL,BUY
2023-07-04 00:00:00+01:00,89.33599853515625,89.38099670410156,89.21600341796875,89.35199737548828,0,88.68249893188477,89.14539947509766,90.35873097952219,89.14539947509766,87.93206797067313,22.912203044504825,SELL,NEUTRAL,NEUTRAL
2023-07-05 00:00:00+01:00,89.14399719238281,89.58399963378906,89.08300018310547,89.1240005493164,0,89.23799896240234,89.01439971923828,90.05494616568203,89.01439971923828,87.97385327279454,34.07750311532218,BUY,NEUTRAL,NEUTRAL
2023-07-06 00:00:00+01:00,89.36699676513672,89.9540023803711,89.19100189208984,89.35900115966797,0,89.24150085449219,88.99019927978516,89.99118129080178,88.99019927978516,87.98921726876854,89.4354772971303,SELL,NEUTRAL,NEUTRAL
2023-07-07 00:00:00+01:00,90.04399871826172,90.51799774169922,89.84700012207031,90.06900024414062,0,89.7140007019043,89.1833999633789,90.51513926113893,89.1833999633789,87.85166066561888,139.45858417616026,SELL,NEUTRAL,SELL
2023-07-10 00:00:00+01:00,89.14900207519531,90.71499633789062,89.14900207519531,89.14900207519531,0,89.60900115966797,89.41060028076171,90.09771617131109,89.41060028076171,88.72348439021233,23.241687063623083,BUY,NEUTRAL,NEUTRAL
2023-07-11 00:00:00+01:00,90.73100280761719,90.81800079345703,90.4219970703125,90.74700164794922,0,89.94800186157227,89.68960113525391,90.94927958262889,89.68960113525391,88.42992268787893,122.20428212706949,SELL,NEUTRAL,SELL
2023-07-12 00:00:00+01:00,90.65899658203125,91.17500305175781,90.5530014038086,90.67500305175781,0,90.71100234985352,89.99980163574219,91.31234981396669,89.99980163574219,88.68725345751768,93.37135362152245,BUY,NEUTRAL,NEUTRAL
2023-07-13 00:00:00+01:00,91.2969970703125,91.8239974975586,91.2490005493164,91.23899841308594,0,90.95700073242188,90.37580108642578,91.81011872724903,90.37580108642578,88.94148344560253,117.25132776254047,SELL,NEUTRAL,SELL
2023-07-14 00:00:00+01:00,92.02100372314453,92.3010025024414,91.9229965209961,92.00499725341797,0,91.62199783325195,90.76300048828125,92.6353509636347,90.76300048828125,88.8906500129278,115.5189765727597,SELL,NEUTRAL,SELL
2023-07-17 00:00:00+01:00,92.08399963378906,92.26499938964844,91.14469909667969,92.08399963378906,0,92.04449844360352,91.35,92.54977534877273,91.35,90.15022465122726,62.11667555447169,SELL,NEUTRAL,NEUTRAL
2023-07-18 00:00:00+01:00,92.1240005493164,92.37699890136719,91.98200225830078,92.13300323486328,0,92.10850143432617,91.62720031738282,92.7811892541892,91.62720031738282,90.47321138057643,77.070957841769,SELL,NEUTRAL,NEUTRAL
2023-07-19 00:00:00+01:00,92.07099914550781,92.2040023803711,91.62000274658203,92.06400299072266,0,92.09850311279297,91.90500030517578,92.57603881944324,91.90500030517578,91.23396179090831,21.90629225819978,BUY,NEUTRAL,NEUTRAL
2023-07-20 00:00:00+01:00,91.87100219726562,92.0530014038086,91.28399658203125,91.8550033569336,0,91.95950317382812,92.02820129394532,92.21985643407152,92.02820129394532,91.83654615381911,-107.69081422874993,BUY,NEUTRAL,BUY
2023-07-21 00:00:00+01:00,91.29100036621094,91.36199951171875,91.06400299072266,91.31500244140625,0,91.58500289916992,91.89020233154297,92.49604734378427,91.89020233154297,91.28435731930166,-150.89643628034332,BUY,NEUTRAL,BUY
2023-07-24 00:00:00+01:00,90.22209930419922,91.1780014038086,90.22209930419922,90.22209930419922,0,90.76855087280273,91.517822265625,92.93499860513377,91.517822265625,90.10064592611623,-129.66566566566567,BUY,NEUTRAL,BUY
2023-07-25 00:00:00+01:00,90.4469985961914,90.60199737548828,90.17400360107422,90.43099975585938,0,90.3265495300293,91.17742156982422,92.65630178022433,91.17742156982422,89.69854135942411,-91.51127657842895,SELL,NEUTRAL,NEUTRAL
2023-07-26 00:00:00+01:00,90.37799835205078,90.83300018310547,90.2959976196289,90.37000274658203,0,90.4005012512207,90.8386215209961,92.11167439364472,90.8386215209961,89.56556864834748,-52.97108887663633,BUY,NEUTRAL,NEUTRAL
2023-07-27 00:00:00+01:00,90.71800231933594,91.26899719238281,90.0780029296875,90.70999908447266,0,90.54000091552734,90.6096206665039,91.38273605694562,90.6096206665039,89.83650527606218,3.0288715652509555,SELL,NEUTRAL,NEUTRAL
2023-07-28 00:00:00+01:00,90.1259994506836,90.76100158691406,90.01599884033203,90.12899780273438,0,90.41949844360352,90.37241973876954,90.77166677696681,90.37241973876954,89.97317270057226,-114.55193906210704,BUY,NEUTRAL,BUY
2023-07-31 00:00:00+01:00,89.38999938964844,90.78399658203125,89.38999938964844,89.38999938964844,0,89.7594985961914,90.20599975585938,91.10191189558935,90.20599975585938,89.31008761612941,-152.23013841481398,BUY,NEUTRAL,BUY
2023-08-01 00:00:00+01:00,90.35700225830078,90.43499755859375,90.08399963378906,90.3550033569336,0,89.87250137329102,90.19080047607422,91.0734080605674,90.19080047607422,89.30819289158103,-11.069139938326305,SELL,NEUTRAL,NEUTRAL
2023-08-02 00:00:00+01:00,90.50299835205078,90.70800018310547,90.33499908447266,90.5260009765625,0,90.44050216674805,90.22200012207031,91.13813287117271,90.22200012207031,89.30586737296791,58.506391822494564,SELL,NEUTRAL,NEUTRAL
2023-08-03 00:00:00+01:00,90.4520034790039,90.6520004272461,90.2300033569336,90.39299774169922,0,90.45949935913086,90.15859985351562,90.96859898725411,90.15859985351562,89.34860071977714,57.23945659896373,BUY,NEUTRAL,NEUTRAL
2023-08-04 00:00:00+01:00,90.5790023803711,91.23200225830078,90.49600219726562,90.57499694824219,0,90.4839973449707,90.24779968261718,91.12088637125781,90.24779968261718,89.37471299397656,110.05931034834475,SELL,NEUTRAL,SELL
2023-08-07 00:00:00+01:00,89.61599731445312,91.02100372314453,89.61599731445312,89.61599731445312,0,90.09549713134766,90.29299926757812,90.9892683734538,90.29299926757812,89.59673016170245,-120.76289424369584,BUY,NEUTRAL,BUY
2023-08-08 00:00:00+01:00,91.03399658203125,91.0739974975586,90.53099822998047,90.96600341796875,0,90.29100036621094,90.41519927978516,91.30082412097937,90.41519927978516,89.52957443859094,96.5827053205694,SELL,NEUTRAL,NEUTRAL
2023-08-09 00:00:00+01:00,90.66699981689453,91.02799987792969,90.66699981689453,90.66699981689453,0,90.81650161743164,90.44339904785156,91.35006968664705,90.44339904785156,89.53672840905607,51.341650977854535,BUY,NEUTRAL,NEUTRAL
2023-08-10 00:00:00+01:00,90.8759994506836,91.28099822998047,90.78099822998047,90.88500213623047,0,90.7760009765625,90.54179992675782,91.50994201972293,90.54179992675782,89.57365783379271,78.12658581670625,SELL,NEUTRAL,NEUTRAL
2023-08-11 00:00:00+01:00,90.87000274658203,91.0199966430664,90.66200256347656,90.875,0,90.88000106811523,90.60180053710937,91.60720344961084,90.60180053710937,89.5963976246079,37.04687077550263,BUY,NEUTRAL,NEUTRAL
2023-08-14 00:00:00+01:00,90.08609771728516,90.9540023803711,90.08609771728516,90.08609771728516,0,90.48054885864258,90.69582061767578,91.33674888037268,90.69582061767578,90.05489235497888,-166.66666666667265,BUY,NEUTRAL,BUY
2023-08-15 00:00:00+01:00,90.68499755859375,91.14299774169922,90.60900115966797,90.64600372314453,0,90.36605072021484,90.63182067871094,91.21319100053897,90.63182067871094,90.0504503568829,17.358153468166854,SELL,NEUTRAL,NEUTRAL
2023-08-16 00:00:00+01:00,90.63500213623047,92.51399993896484,90.55599975585938,90.64299774169922,0,90.64450073242188,90.62702026367188,91.20754516334031,90.62702026367188,90.04649536400345,123.46824429416974,BUY,NEUTRAL,SELL
2023-08-17 00:00:00+01:00,90.49099731445312,90.5719985961914,90.11000061035156,90.49099731445312,0,90.56699752807617,90.5482192993164,91.07141034293596,90.5482192993164,90.02502825569684,-81.46528537097493,BUY,NEUTRAL,NEUTRAL
2023-08-18 00:00:00+01:00,90.30599975585938,90.3499984741211,90.30599975585938,90.30599975585938,0,90.39849853515625,90.43441925048828,90.86271215072163,90.43441925048828,90.00612635025492,-64.37997012568275,BUY,NEUTRAL,NEUTRAL
2023-08-21 00:00:00+01:00,89.31900024414062,90.60800170898438,89.31900024414062,90.30500030517578,0,90.30550003051758,90.4781997680664,90.78168777744754,90.4781997680664,90.17471175868526,-89.68774609165969,BUY,NEUTRAL,NEUTRAL
2023-08-22 00:00:00+01:00,90.49299621582031,90.6989974975586,89.86299896240234,90.4800033569336,0,90.39250183105469,90.44499969482422,90.70028788659668,90.44499969482422,90.18971150305175,-27.848117863760713,SELL,NEUTRAL,NEUTRAL
2023-08-23 00:00:00+01:00,90.04299926757812,90.08399963378906,89.24299621582031,90.03199768066406,0,90.25600051879883,90.32279968261719,90.65526718273124,90.32279968261719,89.99033218250314,-131.31560152715318,BUY,NEUTRAL,BUY
2023-08-24 00:00:00+01:00,89.60299682617188,89.68099975585938,89.28900146484375,89.59700012207031,0,89.81449890136719,90.14400024414063,90.76161932481808,90.14400024414063,89.52638116346317,-114.19140948829073,BUY,NEUTRAL,BUY
2023-08-25 00:00:00+01:00,89.16999816894531,89.40599822998047,88.94499969482422,89.16200256347656,0,89.37950134277344,89.91520080566406,90.87567833224303,89.91520080566406,88.95472327908509,-117.0480196703431,BUY,NEUTRAL,BUY
2023-08-28 00:00:00+01:00,88.3125,89.33999633789062,88.3125,89.0260009765625,0,89.09400177001953,89.6594009399414,90.7418837078633,89.6594009399414,88.57691817201952,-103.77637472501223,BUY,NEUTRAL,BUY
2023-08-29 00:00:00+01:00,89.447998046875,89.5979995727539,89.17900085449219,89.43699645996094,0,89.23149871826172,89.45079956054687,90.15689526345591,89.45079956054687,88.74470385763783,12.681737595617426,SELL,NEUTRAL,NEUTRAL
2023-08-30 00:00:00+01:00,89.60299682617188,90.31600189208984,89.57499694824219,89.59500122070312,0,89.51599884033203,89.36340026855468,89.8264541400104,89.36340026855468,88.90034639709897,116.6641897985699,SELL,NEUTRAL,SELL
2023-08-31 00:00:00+01:00,90.31099700927734,90.3290023803711,89.54000091552734,90.31999969482422,0,89.95750045776367,89.50800018310547,90.41309310835709,89.50800018310547,88.60290725785384,103.94100744652974,SELL,NEUTRAL,SELL
2023-09-01 00:00:00+01:00,89.552001953125,89.81800079345703,89.11799621582031,89.55400085449219,0,89.9370002746582,89.58639984130859,90.4233756742319,89.58639984130859,88.74942400838528,-8.258626404787147,BUY,NEUTRAL,NEUTRAL
2023-09-04 00:00:00+01:00,88.75070190429688,89.30000305175781,88.75070190429688,88.75070190429688,0,89.15235137939453,89.53134002685547,90.52927666596409,89.53134002685547,88.53340338774686,-127.25727100037324,BUY,NEUTRAL,BUY
2023-09-05 00:00:00+01:00,89.22100067138672,89.31300354003906,88.87000274658203,89.22200012207031,0,88.9863510131836,89.48834075927735,90.5168903021227,89.48834075927735,88.459791216432,-64.9900923545038,SELL,NEUTRAL,NEUTRAL
2023-09-06 00:00:00+01:00,89.04100036621094,89.2699966430664,88.90499877929688,89.03700256347656,0,89.12950134277344,89.37674102783203,90.45468348094785,89.37674102783203,88.2987985747162,-50.976857433606995,BUY,NEUTRAL,NEUTRAL
2023-09-07 00:00:00+01:00,89.17900085449219,89.25900268554688,88.8499984741211,89.17900085449219,0,89.10800170898438,89.14854125976562,89.67117957282625,89.14854125976562,88.625902946705,-23.99637717465653,SELL,NEUTRAL,NEUTRAL
2023-09-08 00:00:00+01:00,88.85800170898438,89.1240005493164,88.6760025024414,88.85800170898438,0,89.01850128173828,89.00934143066407,89.37218717568382,89.00934143066407,88.64649568564431,-100.74438837139094,BUY,NEUTRAL,BUY
2023-09-11 00:00:00+01:00,87.8093032836914,89.09300231933594,87.8093032836914,87.8093032836914,0,88.33365249633789,88.82106170654296,89.8643343153547,88.82106170654296,87.77778909773123,-166.66666666666853,BUY,NEUTRAL,BUY
2023-09-12 00:00:00+01:00,89.06500244140625,89.15599822998047,88.68900299072266,89.09100341796875,0,88.45015335083008,88.79486236572265,89.80251590046505,88.79486236572265,87.78720883098025,33.781921923805655,SELL,NEUTRAL,NEUTRAL
2023-09-13 00:00:00+01:00,89.01499938964844,89.16200256347656,88.87300109863281,89.00700378417969,0,89.04900360107422,88.78886260986329,89.79101995411207,88.78886260986329,87.7867052656145,47.266792568381,BUY,NEUTRAL,NEUTRAL
2023-09-14 00:00:00+01:00,88.95999908447266,89.0989990234375,88.39299774169922,88.97100067138672,0,88.9890022277832,88.74726257324218,89.69708899384625,88.74726257324218,87.79743615263811,10.185988118502678,BUY,NEUTRAL,NEUTRAL
2023-09-15 00:00:00+01:00,88.21700286865234,88.71299743652344,88.21700286865234,88.22799682617188,0,88.5994987487793,88.62126159667969,89.64330085855462,88.62126159667969,87.59922233480475,-66.83446117501742,BUY,NEUTRAL,NEUTRAL
2023-09-18 00:00:00+01:00,87.46379852294922,88.98799896240234,87.46379852294922,88.50399780273438,0,88.36599731445312,88.76020050048828,89.431712058929,88.76020050048828,88.08868894204757,-91.32627814133073,SELL,NEUTRAL,NEUTRAL
2023-09-19 00:00:00+01:00,88.93800354003906,89.09400177001953,88.83699798583984,88.96299743652344,0,88.7334976196289,88.73459930419922,89.36202492509112,88.73459930419922,88.10717368330732,63.07310359453587,SELL,NEUTRAL,NEUTRAL
2023-09-20 00:00:00+01:00,88.7959976196289,88.93299865722656,88.71399688720703,88.79100036621094,0,88.87699890136719,88.69139862060547,89.26531430846201,88.69139862060547,88.11748293274893,41.10884623665666,BUY,NEUTRAL,NEUTRAL
2023-09-21 00:00:00+01:00,88.38200378417969,88.63300323486328,88.18599700927734,88.41799926757812,0,88.60449981689453,88.58079833984375,89.10777599392166,88.58079833984375,88.05382068576584,-44.79020878565826,BUY,NEUTRAL,NEUTRAL
2023-09-22 00:00:00+01:00,88.27899932861328,88.41000366210938,87.9209976196289,88.2770004272461,0,88.34749984741211,88.5905990600586,89.09217721184628,88.5905990600586,88.08902090827091,-81.65915915365034,BUY,NEUTRAL,NEUTRAL
2023-09-25 00:00:00+01:00,87.17859649658203,88.5199966430664,87.17859649658203,88.375,0,88.32600021362305,88.56479949951172,89.09404869846368,88.56479949951172,88.03555030055976,-94.34356313523142,SELL,NEUTRAL,NEUTRAL
2023-09-26 00:00:00+01:00,87.87000274658203,88.25,87.85099792480469,87.86199951171875,0,88.11849975585938,88.34459991455078,88.93995381465284,88.34459991455078,87.74924601444873,-77.11401459613914,BUY,NEUTRAL,NEUTRAL
2023-09-27 00:00:00+01:00,87.97799682617188,87.97799682617188,87.35800170898438,87.95600128173828,0,87.90900039672852,88.17760009765625,88.62957237372821,88.17760009765625,87.7256278215843,-114.22201022751622,SELL,NEUTRAL,BUY
2023-09-28 00:00:00+01:00,87.39299774169922,87.86000061035156,87.21499633789062,87.39299774169922,0,87.67449951171875,87.97259979248047,88.66716851817434,87.97259979248047,87.2780310667866,-126.20096362863808,BUY,NEUTRAL,BUY
2023-09-29 00:00:00+01:00,87.80899810791016,88.10199737548828,87.73899841308594,87.7979965209961,0,87.59549713134766,87.87679901123047,88.50606509225622,87.87679901123047,87.24753293020473,20.846685315457183,SELL,NEUTRAL,NEUTRAL
2023-10-02 00:00:00+01:00,87.10299682617188,88.0009994506836,87.10299682617188,87.10299682617188,0,87.45049667358398,87.62239837646484,88.26857911431709,87.62239837646484,86.9762176386126,-97.34214959204685,BUY,NEUTRAL,NEUTRAL
2023-10-03 00:00:00+01:00,87.11699676513672,87.20099639892578,86.8759994506836,87.11699676513672,0,87.1099967956543,87.47339782714843,88.17136814095996,87.47339782714843,86.77542751333691,-125.71319199107272,SELL,NEUTRAL,BUY
2023-10-04 00:00:00+01:00,87.05400085449219,87.59100341796875,86.95800018310547,87.05500030517578,0,87.08599853515625,87.29319763183594,87.85086637849956,87.29319763183594,86.73552888517231,-62.005452246030245,BUY,NEUTRAL,NEUTRAL
2023-10-05 00:00:00+01:00,87.41799926757812,88.9020004272461,87.31800079345703,87.41799926757812,0,87.23649978637695,87.29819793701172,87.85979096392526,87.29819793701172,86.73660491009818,83.29837360908654,SELL,NEUTRAL,NEUTRAL
2023-10-06 00:00:00+01:00,87.83200073242188,88.0009994506836,87.22799682617188,87.83000183105469,0,87.6240005493164,87.30459899902344,87.88909556807624,87.30459899902344,86.72010242997064,59.40211659031645,SELL,NEUTRAL,NEUTRAL
2023-10-09 00:00:00+01:00,86.847900390625,87.88400268554688,86.847900390625,87.93000030517578,0,87.88000106811523,87.46999969482422,88.18595595372271,87.46999969482422,86.75404343592574,18.607760730474663,SELL,NEUTRAL,NEUTRAL
2023-10-10 00:00:00+01:00,88.0250015258789,88.21600341796875,87.76000213623047,88.01300048828125,0,87.97150039672852,87.64920043945312,88.37054139338481,87.64920043945312,86.92785948552144,97.05603985351512,SELL,NEUTRAL,NEUTRAL
2023-10-11 00:00:00+01:00,88.29499816894531,88.30799865722656,88.04199981689453,88.197998046875,0,88.10549926757812,87.87779998779297,88.39720904555358,87.87779998779297,87.35839093003236,112.32954798769694,SELL,NEUTRAL,SELL
2023-10-12 00:00:00+01:00,88.22200012207031,88.39299774169922,87.72599792480469,88.31900024414062,0,88.25849914550781,88.05800018310546,88.41365464861796,88.05800018310546,87.70234571759296,66.27144818516838,SELL,NEUTRAL,NEUTRAL
2023-10-13 00:00:00+01:00,87.63899993896484,87.80599975585938,87.30999755859375,87.64600372314453,0,87.98250198364258,88.02120056152344,88.4851828002126,88.02120056152344,87.55721832283429,-79.0239580245827,BUY,NEUTRAL,NEUTRAL
2023-10-16 00:00:00+01:00,86.55819702148438,87.72899627685547,86.55819702148438,86.55819702148438,0,87.10210037231445,87.74683990478516,89.01956687278926,87.74683990478516,86.47411293678107,-136.12267424639,BUY,NEUTRAL,BUY
2023-10-17 00:00:00+01:00,86.70700073242188,88.0790023803711,85.97599792480469,87.7490005493164,0,87.15359878540039,87.69403991699218,88.93983811493369,87.69403991699218,86.44824171905067,-55.54504795877384,SELL,NEUTRAL,NEUTRAL
2023-10-18 00:00:00+01:00,87.9540023803711,88.11599731445312,87.59700012207031,87.947998046875,0,87.8484992980957,87.64403991699218,88.82320483252953,87.64403991699218,86.46487500145484,58.01582065858169,SELL,NEUTRAL,NEUTRAL
2023-10-19 00:00:00+01:00,87.61199951171875,87.87999725341797,87.23500061035156,87.64199829101562,0,87.79499816894531,87.50863952636719,88.48467385717541,87.50863952636719,86.53260519555897,31.30414052838757,BUY,NEUTRAL,NEUTRAL
2023-10-20 00:00:00+01:00,87.91000366210938,88.03700256347656,87.69000244140625,87.9010009765625,0,87.77149963378906,87.55963897705078,88.58448145620191,87.55963897705078,86.53479649789965,74.72443245178964,SELL,NEUTRAL,NEUTRAL
2023-10-23 00:00:00+01:00,86.98670196533203,88.37999725341797,86.98670196533203,88.04199981689453,0,87.97150039672852,87.85639953613281,88.14251766020537,87.85639953613281,87.57028141206025,38.569821769325856,SELL,NEUTRAL,NEUTRAL
2023-10-24 00:00:00+01:00,88.48400115966797,88.69999694824219,87.81099700927734,88.48400115966797,0,88.26300048828125,88.00339965820312,88.55231389719465,88.00339965820312,87.4544854192116,166.6666666666721,SELL,NEUTRAL,SELL
2023-10-25 00:00:00+01:00,87.85800170898438,88.0790023803711,85.97000122070312,87.85800170898438,0,88.17100143432617,87.985400390625,88.54617479028144,87.985400390625,87.42462599096856,-118.49855336831128,BUY,NEUTRAL,BUY
2023-10-26 00:00:00+01:00,87.79399871826172,87.80599975585938,87.55799865722656,87.94200134277344,0,87.9000015258789,88.04540100097657,88.50063106875244,88.04540100097657,87.5901709332007,-13.809799270103523,SELL,NEUTRAL,NEUTRAL
2023-10-27 00:00:00+01:00,87.90799713134766,88.16300201416016,87.62000274658203,87.9000015258789,0,87.92100143432617,88.04520111083984,88.50068543223423,88.04520111083984,87.58971678944545,21.146194688836797,BUY,NEUTRAL,NEUTRAL
2023-10-30 00:00:00+00:00,86.85800170898438,88.39600372314453,86.85800170898438,86.85800170898438,0,87.37900161743164,87.80840148925782,88.86230635265436,87.80840148925782,86.75449662586128,-76.16200591769338,BUY,NEUTRAL,NEUTRAL
2023-10-31 00:00:00+00:00,88.28900146484375,88.73400115966797,87.9219970703125,88.28600311279297,0,87.57200241088867,87.76880187988282,88.72889440758982,87.76880187988282,86.80870935217581,123.67645962671395,SELL,NEUTRAL,SELL
2023-11-01 00:00:00+00:00,87.98300170898438,88.02100372314453,87.56099700927734,87.98300170898438,0,88.13450241088867,87.7938018798828,88.76828514171058,87.7938018798828,86.81931861805504,4.4506369252318425,BUY,NEUTRAL,NEUTRAL
2023-11-02 00:00:00+00:00,88.072998046875,88.6719970703125,88.02799987792969,88.0469970703125,0,88.01499938964844,87.81480102539062,88.80554294438787,87.81480102539062,86.82405910639338,75.4804861047624,SELL,NEUTRAL,NEUTRAL
2023-11-03 00:00:00+00:00,88.29100036621094,89.18599700927734,88.28800201416016,88.29399871826172,0,88.17049789428711,87.89360046386719,88.95879020606996,87.89360046386719,86.82841072166441,92.51134044489166,SELL,NEUTRAL,NEUTRAL
2023-11-06 00:00:00+00:00,87.61080169677734,89.41000366210938,87.61080169677734,89.10900115966797,0,88.70149993896484,88.3438003540039,89.14859640193806,88.3438003540039,87.53900430606974,99.7456153392725,SELL,NEUTRAL,NEUTRAL
2023-11-07 00:00:00+00:00,89.12999725341797,89.12999725341797,88.72699737548828,89.12200164794922,0,89.1155014038086,88.51100006103516,89.5198008822517,88.51100006103516,87.50219923981862,100.2030717705448,SELL,NEUTRAL,SELL
2023-11-08 00:00:00+00:00,88.93000030517578,89.09400177001953,88.68499755859375,88.94999694824219,0,89.0359992980957,88.70439910888672,89.59838743980372,88.70439910888672,87.81041077796972,67.48541095639656,BUY,NEUTRAL,NEUTRAL
2023-11-09 00:00:00+00:00,89.072998046875,89.22000122070312,88.8949966430664,89.05000305175781,0,89.0,88.90500030517578,89.52794772833198,88.90500030517578,88.28205288201957,84.10214586828545,SELL,NEUTRAL,NEUTRAL
2023-11-10 00:00:00+00:00,88.73100280761719,89.03700256347656,88.71700286865234,88.73799896240234,0,88.89400100708008,88.99380035400391,89.2769520884897,88.99380035400391,88.71064861951812,-44.44306820386088,BUY,NEUTRAL,NEUTRAL
2023-11-13 00:00:00+00:00,87.9352035522461,89.06600189208984,87.9352035522461,87.9352035522461,0,88.33660125732422,88.75904083251953,89.62252884256196,88.75904083251953,87.8955528224771,-166.666666666669,BUY,NEUTRAL,BUY
2023-11-14 00:00:00+00:00,88.93099975585938,90.02799987792969,88.8290023803711,88.94000244140625,0,88.43760299682617,88.72264099121094,89.53573200086524,88.72264099121094,87.90954998155664,107.46694220536779,SELL,NEUTRAL,SELL
2023-11-15 00:00:00+00:00,90.16600036621094,90.35900115966797,90.01399993896484,90.16600036621094,0,89.5530014038086,88.9658416748047,90.39755643108103,88.9658416748047,87.53412691852836,147.44233277779037,SELL,NEUTRAL,SELL
2023-11-16 00:00:00+00:00,90.1259994506836,90.572998046875,89.99500274658203,90.1259994506836,0,90.14599990844727,89.18104095458985,90.89442082061726,89.18104095458985,87.46766108856244,85.89125445810372,BUY,NEUTRAL,NEUTRAL
2023-11-17 00:00:00+00:00,92.00900268554688,92.00900268554688,90.06700134277344,90.13099670410156,0,90.12849807739258,89.45964050292969,91.24572658913063,89.45964050292969,87.67355441672875,86.36512043352033,SELL,NEUTRAL,NEUTRAL
2023-11-20 00:00:00+00:00,89.47319793701172,91.14399719238281,89.47319793701172,89.47319793701172,0,89.80209732055664,89.76723937988281,90.74328029134162,89.76723937988281,88.791198468424,-11.03857561056504,BUY,NEUTRAL,NEUTRAL
2023-11-21 00:00:00+00:00,91.11799621582031,91.322998046875,90.88200378417969,91.11799621582031,0,90.29559707641602,90.20283813476563,91.25443179287431,90.20283813476563,89.15124447665694,116.68282661144916,SELL,NEUTRAL,SELL
2023-11-22 00:00:00+00:00,90.82599639892578,90.90299987792969,90.36599731445312,90.82599639892578,0,90.97199630737305,90.3348373413086,91.49489312464834,90.3348373413086,89.17478155796886,26.693721247112002,BUY,NEUTRAL,NEUTRAL
2023-11-23 00:00:00+00:00,90.89399719238281,90.97899627685547,90.49700164794922,90.88300323486328,0,90.85449981689453,90.48623809814453,91.69435180538457,90.48623809814453,89.27812439090448,29.802256527358548,SELL,NEUTRAL,NEUTRAL
2023-11-24 00:00:00+00:00,90.8030014038086,91.1500015258789,90.72100067138672,90.8030014038086,0,90.84300231933594,90.62063903808594,91.78965499777556,90.62063903808594,89.45162307839632,46.42036779809717,BUY,NEUTRAL,NEUTRAL
2023-11-27 00:00:00+00:00,89.9832992553711,91.30899810791016,89.9832992553711,91.0979995727539,0,90.95050048828125,90.94559936523437,91.2161599995202,90.94559936523437,90.67503873094854,-34.469295966798214,SELL,NEUTRAL,NEUTRAL
2023-11-28 00:00:00+00:00,91.19599914550781,91.6510009765625,91.08399963378906,91.19599914550781,0,91.14699935913086,90.96119995117188,91.27522709075149,90.96119995117188,90.64717281159227,166.6666666666724,SELL,NEUTRAL,SELL
2023-11-29 00:00:00+00:00,91.56300354003906,91.7300033569336,91.26899719238281,91.56300354003906,0,91.37950134277344,91.10860137939453,91.64415190684906,91.10860137939453,90.57305085194,108.06136002083618,SELL,NEUTRAL,SELL
2023-11-30 00:00:00+00:00,91.20800018310547,91.45999908447266,90.78600311279297,91.21399688720703,0,91.38850021362305,91.17480010986328,91.6620949200031,91.17480010986328,90.68750529972347,5.407409872126401,BUY,NEUTRAL,NEUTRAL
2023-12-01 00:00:00+00:00,90.68299865722656,90.87999725341797,90.16799926757812,90.6510009765625,0,90.93249893188477,91.14440002441407,91.72977560862117,91.14440002441407,90.55902444020697,-108.08315283801315,BUY,NEUTRAL,BUY
2023-12-04 00:00:00+00:00,89.74700164794922,90.78800201416016,89.74700164794922,89.74700164794922,0,90.19900131225586,90.87420043945312,92.14348712426677,90.87420043945312,89.60491375463947,-116.201645737468,BUY,NEUTRAL,BUY
2023-12-05 00:00:00+00:00,90.3219985961914,90.36499786376953,89.80799865722656,90.302001953125,0,90.02450180053711,90.69540100097656,91.9847020100028,90.69540100097656,89.40609999195031,-70.50754534656463,SELL,NEUTRAL,NEUTRAL
2023-12-06 00:00:00+00:00,89.86000061035156,89.947998046875,89.71600341796875,89.86199951171875,0,90.08200073242188,90.3552001953125,91.42889002034731,90.3552001953125,89.2815103702777,-87.31816355336964,BUY,NEUTRAL,NEUTRAL
2023-12-07 00:00:00+00:00,89.55500030517578,89.90699768066406,89.5459976196289,89.66699981689453,0,89.76449966430664,90.04580078125,90.79330880995386,90.04580078125,89.29829275254613,-102.18432941520561,BUY,NEUTRAL,BUY
2023-12-08 00:00:00+00:00,89.87999725341797,89.9540023803711,89.47200012207031,89.87200164794922,0,89.76950073242188,89.89000091552734,90.32911929387379,89.89000091552734,89.45088253718089,-57.730939295634144,SELL,NEUTRAL,NEUTRAL
2023-12-11 00:00:00+00:00,88.90950012207031,89.95050048828125,88.90950012207031,88.90950012207031,0,89.39075088500977,89.72250061035156,90.63537845191573,89.72250061035156,88.80962276878739,-154.29677352314516,BUY,NEUTRAL,BUY
2023-12-12 00:00:00+00:00,89.62999725341797,90.12100219726562,89.6259994506836,89.62999725341797,0,89.26974868774414,89.58809967041016,90.29469683627083,89.58809967041016,88.88150250454949,47.90687481006879,SELL,NEUTRAL,NEUTRAL
2023-12-13 00:00:00+00:00,89.96399688720703,90.03399658203125,89.7969970703125,89.96800231933594,0,89.79899978637695,89.60930023193359,90.3528899166696,89.60930023193359,88.86571054719758,92.88648157515146,SELL,NEUTRAL,NEUTRAL
2023-12-14 00:00:00+00:00,90.56999969482422,91.56999969482422,90.54499816894531,90.55699920654297,0,90.26250076293945,89.78730010986328,90.8559595862939,89.78730010986328,88.71864063343266,165.75457647252068,SELL,NEUTRAL,SELL
2023-12-15 00:00:00+00:00,91.48799896240234,91.58100128173828,90.43399810791016,91.48699951171875,0,91.02199935913086,90.11029968261718,91.85103548837961,90.11029968261718,88.36956387685476,97.37393836557654,SELL,NEUTRAL,NEUTRAL
2023-12-18 00:00:00+00:00,90.04139709472656,90.78299713134766,90.04139709472656,90.04139709472656,0,90.76419830322266,90.33667907714843,91.63106426324934,90.33667907714843,89.04229389104752,-17.055203385247317,BUY,NEUTRAL,NEUTRAL
2023-12-19 00:00:00+00:00,90.6709976196289,91.21399688720703,90.6500015258789,90.67400360107422,0,90.35770034790039,90.54548034667968,91.63752065588348,90.54548034667968,89.45344003747589,35.78854357189766,SELL,NEUTRAL,NEUTRAL
2023-12-20 00:00:00+00:00,91.14199829101562,91.1969985961914,90.89600372314453,91.14900207519531,0,90.91150283813477,90.78168029785157,91.77867400543926,90.78168029785157,89.78468659026387,65.54493732015875,SELL,NEUTRAL,NEUTRAL
2023-12-21 00:00:00+00:00,90.95899963378906,91.47799682617188,90.92400360107422,90.95899963378906,0,91.05400085449219,90.86208038330078,91.83825055355591,90.86208038330078,89.88591021304565,54.944272335575704,BUY,NEUTRAL,NEUTRAL
2023-12-22 00:00:00+00:00,91.3239974975586,91.68599700927734,91.3239974975586,91.31700134277344,0,91.13800048828125,90.82808074951171,91.72330565463403,90.82808074951171,89.9328558443894,104.4642373719098,SELL,NEUTRAL,SELL
2023-12-25 00:00:00+00:00,90.67019653320312,91.51499938964844,90.67019653320312,90.67019653320312,0,90.99359893798828,90.95384063720704,91.46668606789162,90.95384063720704,90.44099520652246,-58.87465841372741,BUY,NEUTRAL,NEUTRAL
2023-12-26 00:00:00+00:00,90.67019653320312,91.51499938964844,90.67019653320312,90.67019653320312,0,90.67019653320312,90.95307922363281,91.4675928634238,90.95307922363281,90.43856558384182,-76.3744170809216,NEUTRAL,NEUTRAL,NEUTRAL
2023-12-27 00:00:00+00:00,90.67019653320312,92.52200317382812,90.67019653320312,90.67019653320312,0,90.67019653320312,90.85731811523438,91.36854507874816,90.85731811523438,90.3460911517206,53.201810741418726,NEUTRAL,NEUTRAL,NEUTRAL
2023-12-28 00:00:00+00:00,92.41500091552734,92.5780029296875,92.00800323486328,92.41500091552734,0,91.54259872436523,91.14851837158203,92.51049924924953,91.14851837158203,89.78653749391452,158.42417386535152,SELL,NEUTRAL,SELL
2023-12-29 00:00:00+00:00,91.9540023803711,92.12300109863281,91.84600067138672,91.89700317382812,0,92.15600204467773,91.26451873779297,92.75671241201002,91.26451873779297,89.77232506357592,59.024647285733074,BUY,NEUTRAL,NEUTRAL
2024-01-01 00:00:00+00:00,91.14199829101562,91.14199829101562,91.14199829101562,91.79000091552734,0,91.84350204467773,91.48847961425781,92.89002810561448,91.48847961425781,90.08693112290115,-32.21015374788762,BUY,NEUTRAL,NEUTRAL
2024-01-02 00:00:00+00:00,91.14199829101562,91.91100311279297,91.06099700927734,91.14199829101562,0,91.46599960327148,91.58283996582031,92.80312368493172,91.58283996582031,90.3625562467089,-49.96938648981894,BUY,NEUTRAL,NEUTRAL
2024-01-03 00:00:00+00:00,91.06199645996094,91.30999755859375,90.72599792480469,91.05799865722656,0,91.0999984741211,91.660400390625,92.66988648187665,91.660400390625,90.65091429937335,-90.19767914092374,BUY,NEUTRAL,NEUTRAL
2024-01-04 00:00:00+00:00,90.8949966430664,91.22699737548828,90.86000061035156,90.9800033569336,0,91.01900100708008,91.37340087890625,92.15083372265443,91.37340087890625,90.59596803515808,-84.50185086835843,BUY,NEUTRAL,NEUTRAL
2024-01-05 00:00:00+00:00,91.0469970703125,91.29100036621094,90.45500183105469,91.03600311279297,0,91.00800323486328,91.20120086669922,91.79914129950453,91.20120086669922,90.60326043389392,-80.38776171592991,SELL,NEUTRAL,NEUTRAL
2024-01-08 00:00:00+00:00,89.75569915771484,91.08399963378906,89.75569915771484,89.75569915771484,0,90.3958511352539,90.79434051513672,91.83819066388101,90.79434051513672,89.75049036639244,-166.66666666666666,BUY,NEUTRAL,BUY
2024-01-09 00:00:00+00:00,90.85900115966797,91.00299835205078,90.62100219726562,90.85800170898438,0,90.30685043334961,90.73754119873047,91.72913987684663,90.73754119873047,89.7459425206143,7.1803710559073375,SELL,NEUTRAL,NEUTRAL
2024-01-10 00:00:00+00:00,90.84400177001953,90.98899841308594,90.66799926757812,90.8030014038086,0,90.83050155639648,90.68654174804688,91.6321303515918,90.68654174804688,89.74095314450196,18.10647841953165,BUY,NEUTRAL,NEUTRAL
2024-01-11 00:00:00+00:00,91.0270004272461,91.1500015258789,90.73200225830078,91.04100036621094,0,90.92200088500977,90.69874114990235,91.66059324997529,90.69874114990235,89.7368890498294,68.00647365692306,SELL,NEUTRAL,NEUTRAL
2024-01-12 00:00:00+00:00,91.15899658203125,91.18900299072266,90.62000274658203,91.14399719238281,0,91.09249877929688,90.72033996582032,91.71577920375381,90.72033996582032,89.72490072788682,66.21310968385902,SELL,NEUTRAL,NEUTRAL
2024-01-15 00:00:00+00:00,89.78510284423828,90.71700286865234,89.78510284423828,90.66300201416016,0,90.90349960327148,90.90180053710938,91.2444258752212,90.90180053710938,90.55917519899756,-166.6666666666638,BUY,NEUTRAL,BUY
2024-01-16 00:00:00+00:00,90.63800048828125,90.64099884033203,90.21800231933594,90.64800262451172,0,90.65550231933594,90.85980072021485,91.26021577776712,90.85980072021485,90.45938566266258,-66.87515480156027,BUY,NEUTRAL,NEUTRAL
2024-01-17 00:00:00+00:00,90.31300354003906,90.41200256347656,90.1449966430664,90.31300354003906,0,90.48050308227539,90.76180114746094,91.36057101009429,90.76180114746094,90.1630312848276,-80.11202637344982,BUY,NEUTRAL,NEUTRAL
2024-01-18 00:00:00+00:00,90.3489990234375,90.58999633789062,90.1510009765625,90.44200134277344,0,90.37750244140625,90.64200134277344,91.20819313417503,90.64200134277344,90.07580955137185,-41.46436514823109,SELL,NEUTRAL,NEUTRAL
2024-01-19 00:00:00+00:00,90.40499877929688,90.4739990234375,90.25199890136719,90.38600158691406,0,90.41400146484375,90.49040222167969,90.77231143430305,90.49040222167969,90.20849300905633,-26.008638517018138,BUY,NEUTRAL,NEUTRAL
2024-01-22 00:00:00+00:00,89.43720245361328,90.60299682617188,89.43720245361328,89.43720245361328,0,89.91160202026367,90.24524230957032,91.08346097114459,90.24524230957032,89.40702364799604,-166.66666666666404,BUY,NEUTRAL,BUY
2024-01-23 00:00:00+00:00,90.30699920654297,90.61299896240234,89.89399719238281,90.30599975585938,0,89.87160110473633,90.17684173583984,90.92321727634061,90.17684173583984,89.43046619533908,16.741975066507052,SELL,NEUTRAL,NEUTRAL
2024-01-24 00:00:00+00:00,90.2770004272461,90.73899841308594,90.16600036621094,90.28299713134766,0,90.29449844360352,90.17084045410157,90.91321201254326,90.17084045410157,89.42846889565988,56.541859201953194,BUY,NEUTRAL,NEUTRAL
2024-01-25 00:00:00+00:00,90.33300018310547,90.51100158691406,89.89099884033203,90.34600067138672,0,90.31449890136719,90.15164031982422,90.86952836784762,90.15164031982422,89.43375227180083,11.246998094165285,SELL,NEUTRAL,NEUTRAL
2024-01-26 00:00:00+00:00,90.09100341796875,90.37000274658203,89.82499694824219,90.0999984741211,0,90.2229995727539,90.09443969726563,90.77301831908362,90.09443969726563,89.41586107544764,-28.216528746073124,BUY,NEUTRAL,NEUTRAL
2024-01-29 00:00:00+00:00,89.30599975585938,90.11599731445312,89.30599975585938,90.1240005493164,0,90.11199951171875,90.23179931640625,90.43212087223594,90.23179931640625,90.03147776057656,-135.56490520181694,SELL,NEUTRAL,BUY
2024-01-30 00:00:00+00:00,90.06500244140625,90.14099884033203,89.79499816894531,90.0250015258789,0,90.07450103759766,90.17559967041015,90.41497974822946,90.17559967041015,89.93621959259085,-51.92880710207517,BUY,NEUTRAL,NEUTRAL
2024-01-31 00:00:00+00:00,90.04900360107422,90.30000305175781,89.66300201416016,90.04900360107422,0,90.03700256347656,90.12880096435546,90.35713454976536,90.12880096435546,89.90046737894556,-20.44985770606239,SELL,NEUTRAL,NEUTRAL
2024-02-01 00:00:00+00:00,89.6240005493164,90.0479965209961,89.38600158691406,89.61799621582031,0,89.83349990844727,89.98320007324219,90.35513336156686,89.98320007324219,89.61126678491752,-126.73974227788676,BUY,NEUTRAL,BUY
2024-02-02 00:00:00+00:00,90.08999633789062,90.27300262451172,89.43800354003906,90.08399963378906,0,89.85099792480469,89.98000030517578,90.34811491351192,89.98000030517578,89.61188569683964,27.125239732121706,SELL,NEUTRAL,NEUTRAL
2024-02-05 00:00:00+00:00,89.21820068359375,89.48200225830078,89.01300048828125,89.21820068359375,0,89.6511001586914,89.79884033203125,90.47108634049506,89.79884033203125,89.12659432356743,-143.70166831521905,BUY,NEUTRAL,BUY
2024-02-06 00:00:00+00:00,89.12100219726562,89.29199981689453,88.98799896240234,89.12100219726562,0,89.16960144042969,89.6180404663086,90.42290868606932,89.6180404663086,88.81317224654788,-93.84485699025939,BUY,NEUTRAL,NEUTRAL
2024-02-07 00:00:00+00:00,89.26100158691406,89.3949966430664,89.17400360107422,89.26100158691406,0,89.19100189208984,89.46044006347657,90.16886037204209,89.46044006347657,88.75201975491105,-41.323248267747914,SELL,NEUTRAL,NEUTRAL
2024-02-08 00:00:00+00:00,89.40699768066406,89.45800018310547,89.0790023803711,89.4010009765625,0,89.33100128173828,89.417041015625,90.10790473250366,89.417041015625,88.72617729874635,-19.828474212442437,SELL,NEUTRAL,NEUTRAL
2024-02-09 00:00:00+00:00,89.28900146484375,89.52999877929688,89.2760009765625,89.27799987792969,0,89.3395004272461,89.25584106445312,89.43736211000244,89.25584106445312,89.0743200189038,102.60796800133572,BUY,NEUTRAL,SELL
2024-02-12 00:00:00+00:00,88.41840362548828,89.59400177001953,88.41840362548828,89.44400024414062,0,89.36100006103516,89.3010009765625,89.52899633227165,89.3010009765625,89.07300562085337,-75.96206160116947,SELL,NEUTRAL,NEUTRAL
2024-02-13 00:00:00+00:00,89.35800170898438,89.51100158691406,88.84300231933594,89.30999755859375,0,89.37699890136719,89.33880004882812,89.48167028761303,89.33880004882812,89.19592981004321,-46.41226544740411,BUY,NEUTRAL,NEUTRAL
2024-02-14 00:00:00+00:00,88.86199951171875,89.03299713134766,88.73300170898438,88.86199951171875,0,89.08599853515625,89.25899963378906,89.67369036358289,89.25899963378906,88.84430890399523,-150.76513084057527,BUY,NEUTRAL,BUY
2024-02-15 00:00:00+00:00,88.98699951171875,89.44000244140625,88.93000030517578,89.03600311279297,0,88.94900131225586,89.18600006103516,89.60349629395752,89.18600006103516,88.7685038281128,-8.064054211884844,SELL,NEUTRAL,NEUTRAL
